{"cameraMode":{"drawMode":0,"name":"Shaded","section":"Shading Mode"},"sceneLighting":false,"audioPlay":false,"sceneViewState":{"m_AlwaysRefresh":false,"showFog":true,"showSkybox":false,"showFlares":true,"showImageEffects":true,"showParticleSystems":true,"showVisualEffectGraphs":true,"m_FxEnabled":true},"in2DMode":false,"pivot":{"x":-0.004812219180166721,"y":1.1440004110336304,"z":-0.08752398937940598},"rotation":{"x":0.0045246100053191189,"y":-0.9950367212295532,"z":0.061399687081575397,"w":0.07931239902973175},"size":0.10433482378721237,"orthographic":false}