{"cameraMode":{"drawMode":0,"name":"Shaded","section":"Shading Mode"},"sceneLighting":false,"audioPlay":false,"sceneViewState":{"m_AlwaysRefresh":false,"showFog":true,"showSkybox":false,"showFlares":true,"showImageEffects":true,"showParticleSystems":true,"showVisualEffectGraphs":true,"m_FxEnabled":true},"in2DMode":false,"pivot":{"x":0.45273303985595705,"y":1.0028126239776612,"z":4.16770601272583},"rotation":{"x":0.15490779280662538,"y":0.3936484754085541,"z":-0.06708531081676483,"w":0.9037811160087586},"size":0.6331913471221924,"orthographic":false}