{"cameraMode":{"drawMode":0,"name":"Shaded","section":"Shading Mode"},"sceneLighting":false,"audioPlay":false,"sceneViewState":{"m_AlwaysRefresh":false,"showFog":true,"showSkybox":false,"showFlares":true,"showImageEffects":true,"showParticleSystems":true,"showVisualEffectGraphs":true,"m_FxEnabled":true},"in2DMode":false,"pivot":{"x":-0.9857000112533569,"y":1.2833000421524048,"z":0.3547999858856201},"rotation":{"x":-0.044298168271780017,"y":0.8235017657279968,"z":-0.08595842123031616,"w":-0.5600552558898926},"size":0.02546076662838459,"orthographic":false}